{
  "project_info": {
    "project_number": "1001056117613",
    "project_id": "appfirestoreusuario",
    "storage_bucket": "appfirestoreusuario.firebasestorage.app"
  },
  "client": [
    {
      "client_info": {
        "mobilesdk_app_id": "1:1001056117613:android:89b4873c0b5908fa773064",
        "android_client_info": {
          "package_name": "br.edu.fatecpg.appfirestoreusuario"
        }
      },
      "oauth_client": [],
      "api_key": [
        {
          "current_key": "AIzaSyCD-JHmKcCh2Dp5zB1JlnGXBxXu4yCIPT4"
        }
      ],
      "services": {
        "appinvite_service": {
          "other_platform_oauth_client": []
        }
      }
    }
  ],
  "configuration_version": "1"
}